{
  "pass_at_1_like": 1.0,
  "avg_tokens": 133.33333333333334,
  "avg_tool_calls": 2.0,
  "avg_time_sec": 3.0340729554494223,
  "lambda_cost": 0.05,
  "max_steps": 6,
  "n_problems": 3
}